      14,   0.909296,  -0.139108,   0.146676
      29,   0.906000,  -0.062443,   0.177562
      45,   0.912836,  -0.101264,   0.154001
      61,   0.920771,  -0.157175,   0.131050
      76,   0.932979,  -0.212598,   0.107001
      92,   0.949216,  -0.187817,   0.114082
     107,   0.951413,  -0.166209,   0.116889
     123,   0.954465,  -0.154367,   0.120552
     139,   0.957761,  -0.143502,   0.124214
     154,   0.963255,  -0.133492,   0.120063
     170,   0.967649,  -0.134347,   0.119453
     186,   0.992309,  -0.167918,   0.072575
     201,   0.994629,  -0.168773,   0.071721
     217,   0.995605,  -0.163645,   0.074406
     233,   0.979491,  -0.162180,   0.082341
     248,   0.959470,  -0.162791,   0.082830
     264,   0.964109,  -0.158274,   0.075871
     281,   0.963255,  -0.172435,   0.072453
     295,   0.959592,  -0.179515,   0.075871
     311,   0.954953,  -0.193432,   0.072209
     326,   0.949094,  -0.209913,   0.101996
     342,   1.006714,  -0.184032,   0.085027
     357,   0.988769,  -0.219435,   0.075505
     373,   0.975218,  -0.225905,   0.071355
     389,   0.974974,  -0.223952,   0.063542
     405,   0.973997,  -0.213087,   0.054508
     420,   0.969847,  -0.190014,   0.066715
     436,   0.963743,  -0.201001,   0.075627
     451,   0.931636,  -0.229567,   0.101264
     467,   0.917475,  -0.235427,   0.107978
     482,   0.941403,  -0.233352,   0.092962
     498,   0.988158,  -0.210279,   0.073674
     514,   0.998291,  -0.212232,   0.066960
     531,   0.987792,  -0.229933,   0.072453
     545,   0.971556,  -0.232741,   0.062565
     561,   0.960325,  -0.223097,   0.062199
     576,   0.942746,  -0.186352,   0.069157
     592,   0.920161,  -0.180004,   0.082464
     607,   0.932003,  -0.187328,   0.084051
     623,   0.964720,  -0.204908,   0.091497
     639,   0.981566,  -0.221754,   0.086004
     654,   0.980223,  -0.203198,   0.086492
     670,   0.967283,  -0.191235,   0.081121
     686,   0.963865,  -0.194287,   0.066593
     701,   0.963499,  -0.198071,   0.062931
     717,   0.965452,  -0.200757,   0.057315
     732,   0.951169,  -0.194043,   0.053409
     748,   0.965330,  -0.190136,   0.054874
     764,   0.967039,  -0.199780,   0.049380
     779,   0.953488,  -0.201367,   0.067692
     795,   0.942135,  -0.206128,   0.083318
     811,   0.937130,  -0.210523,   0.086492
     826,   0.966551,  -0.193188,   0.072331
     842,   0.971312,  -0.191967,   0.071232
     857,   1.002442,  -0.186474,   0.051456
     873,   1.015748,  -0.217237,   0.063664
     889,   0.991577,  -0.228957,   0.057438
     904,   0.970579,  -0.234694,   0.054142
     920,   0.958494,  -0.224440,   0.053775
     936,   0.960691,  -0.212476,   0.054142
     951,   0.986816,  -0.149728,   0.033388
     968,   0.971678,  -0.149850,   0.058414
     983,   0.969358,  -0.168773,   0.059513
     998,   0.976317,  -0.177684,   0.068425
    1014,   0.978148,  -0.168773,   0.055362
    1029,   1.004395,  -0.134469,   0.013368
    1045,   1.011353,  -0.142404,   0.015199
    1061,   0.992431,  -0.172435,   0.035830
    1076,   0.977171,  -0.176341,   0.030092
    1092,   0.973997,  -0.171580,   0.030092
    1107,   0.945309,  -0.160960,   0.045840
    1123,   0.911738,  -0.125557,   0.060978
    1139,   0.929317,  -0.083318,   0.058170
    1154,   0.942623,  -0.100287,   0.059635
    1170,   0.976317,  -0.146676,   0.055973
    1186,   0.997925,  -0.148752,   0.050723
    1201,   0.975462,  -0.084783,   0.028627
    1217,   0.961668,  -0.067936,   0.028871
    1233,   0.950681,  -0.066349,   0.037173
    1248,   0.951779,  -0.074284,   0.034853
    1264,   0.964842,  -0.065617,   0.041690
    1279,   0.977293,  -0.062321,   0.053653
    1295,   0.976805,  -0.055118,   0.069035
    1311,   0.977049,  -0.050113,   0.069157
    1326,   0.982177,  -0.054386,   0.082464
    1342,   0.994506,  -0.059635,   0.073063
    1357,   1.023317,  -0.062077,   0.051090
    1373,   1.058475,  -0.053043,   0.032900
    1389,   1.026857,  -0.037539,   0.039736
    1404,   0.996094,  -0.032778,   0.042422
    1420,   0.975829,  -0.020692,   0.050723
    1436,   0.964842,  -0.009583,   0.058780
    1451,   0.960813,   0.000549,   0.060001
    1468,   0.966184,  -0.006775,   0.058414
    1483,   0.962766,  -0.005921,   0.059269
    1498,   0.960203,  -0.004456,   0.060245
    1514,   0.969481,  -0.013123,   0.056827
    1531,   0.993286,  -0.001526,   0.045108
    1545,   1.016603,   0.003235,   0.053775
    1561,   1.019532,   0.002991,   0.054264
    1576,   1.008667,   0.025209,   0.030581
    1592,   0.996582,   0.039004,   0.006775
    1608,   0.983153,   0.058414,   0.003601
    1623,   0.960935,   0.100775,   0.038638
    1639,   0.973021,   0.122993,   0.043521
    1654,   0.986327,   0.132638,   0.045352
    1670,   0.965696,   0.145944,   0.066105
    1686,   0.970457,   0.168162,   0.052554
    1701,   0.993774,   0.208570,   0.031801
    1717,   1.003296,   0.243362,   0.022279
    1732,   0.978026,   0.251297,   0.028261
    1748,   0.925533,   0.251663,   0.055240
    1764,   0.907465,   0.258622,   0.051944
    1779,   0.893304,   0.262406,   0.044742
    1795,   0.914546,   0.292926,   0.034121
    1811,   0.950803,   0.336629,   0.038271
    1826,   0.967894,   0.365684,   0.063664
    1842,   0.935421,   0.375572,   0.078801
    1857,   0.906488,   0.374352,   0.072209
    1873,   0.906488,   0.395715,   0.065251
    1889,   0.903925,   0.407923,   0.073430
    1904,   0.913813,   0.412562,   0.071232
    1920,   0.912226,   0.422450,   0.039126
    1936,   0.892694,   0.425014,   0.053043
    1951,   0.860099,   0.442959,   0.071843
    1968,   0.840078,   0.467008,   0.079534
    1982,   0.825307,   0.485076,   0.068180
    1999,   0.804431,   0.494720,   0.067570
    2014,   0.848990,   0.498505,   0.049625
    2029,   0.855826,   0.500336,   0.023378
    2045,   0.831655,   0.507050,   0.026064
    2061,   0.805164,   0.519990,   0.032290
    2076,   0.774156,   0.540011,   0.039980
    2092,   0.753281,   0.571995,   0.035708
    2108,   0.757676,   0.584081,   0.033877
    2123,   0.760361,   0.584203,   0.033632
    2139,   0.771348,   0.585180,   0.031435
    2154,   0.784289,   0.578343,   0.041445
    2170,   0.792712,   0.577855,   0.053287
    2186,   0.823476,   0.613746,   0.040225
    2201,   0.803455,   0.619850,   0.027284
    2217,   0.763413,   0.645975,   0.028017
    2233,   0.759507,   0.631569,   0.026064
    2248,   0.773668,   0.649148,   0.007508
    2264,   0.751816,   0.656473,   0.033022
    2279,   0.739364,   0.667948,   0.005799
    2296,   0.723494,   0.668437,   0.010682
    2311,   0.710187,   0.673320,   0.021181
    2326,   0.701520,   0.660013,   0.019471
    2342,   0.693829,   0.659525,   0.016419
    2358,   0.701276,   0.695416,   0.023500
    2373,   0.715681,   0.726912,  -0.001160
    2389,   0.698834,   0.732528,  -0.007142
    2404,   0.680278,   0.716535,   0.014588
    2420,   0.643411,   0.718122,  -0.002503
    2436,   0.633400,   0.750229,  -0.002991
    2451,   0.634743,   0.778551,  -0.004090
    2467,   0.597388,   0.761460,   0.015931
    2482,   0.571629,   0.747055,   0.038516
    2498,   0.573216,   0.769761,   0.024599
    2514,   0.601294,   0.818592,  -0.002503
    2531,   0.599341,   0.828603,  -0.004212
    2545,   0.579564,   0.824452,   0.002625
    2561,   0.562840,   0.805652,  -0.009461
    2576,   0.536227,   0.778185,  -0.012269
    2592,   0.535860,   0.782457,  -0.018983
    2607,   0.533297,   0.812611,  -0.023988
    2623,   0.549777,   0.870109,  -0.014100
    2639,   0.540377,   0.858390,   0.001282
    2654,   0.524141,   0.808948,   0.006287
    2670,   0.526094,   0.812366,  -0.009217
    2686,   0.530245,   0.835805,  -0.021547
    2701,   0.520478,   0.875481,  -0.020082
    2717,   0.526216,   0.887688,  -0.018251
    2733,   0.525362,   0.901483,  -0.032534
    2748,   0.510468,   0.882805,  -0.031801
    2764,   0.510346,   0.880730,  -0.032900
    2779,   0.501434,   0.865104,  -0.031435
    2795,   0.490692,   0.845450,  -0.037173
    2811,   0.481902,   0.841421,  -0.035464
    2826,   0.465177,   0.881218,  -0.040469
    2842,   0.450406,   0.909418,  -0.010193
    2858,   0.442349,   0.900751,  -0.018861
    2873,   0.440518,   0.882317,  -0.040347
    2889,   0.409388,   0.899896,  -0.070378
    2904,   0.418177,   0.931270,  -0.071721
    2920,   0.407801,   0.939083,  -0.075261
    2936,   0.396936,   0.911616,  -0.071721
    2951,   0.360557,   0.891229,  -0.068303
    2967,   0.352011,   0.943356,  -0.064152
    2983,   0.315876,   0.943600,  -0.062931
    2998,   0.309772,   0.922603,  -0.066960
    3014,   0.296344,   0.902460,  -0.070012
    3029,   0.299152,   0.912104,  -0.072941
    3045,   0.303424,   0.958127,  -0.069767
    3061,   0.301593,   0.979369,  -0.072331
    3076,   0.296100,   0.958127,  -0.076482
    3092,   0.278154,   0.966307,  -0.102850
    3107,   0.257767,   0.963010,  -0.100531
    3123,   0.245071,   0.944577,  -0.095770
    3139,   0.233107,   0.928829,  -0.082708
    3154,   0.221022,   0.915888,  -0.056705
    3170,   0.221998,   0.961790,  -0.066105
    3186,   0.204297,   0.986571,  -0.077580
    3201,   0.172801,   0.939327,  -0.074651
    3217,   0.186718,   1.042361,  -0.007996
    3233,   0.190380,   1.079473,  -0.005066
    3248,   0.177074,   1.064701,  -0.013490
    3264,   0.147287,   1.011353,  -0.014588
    3279,   0.105658,   0.946286,  -0.042666
    3295,   0.095526,   0.907099,  -0.075749
    3311,   0.100043,   0.916010,  -0.076726
    3326,   0.096136,   0.959958,  -0.045352
    3342,   0.121284,   1.010987,  -0.027773
    3357,   0.095038,   1.002442,  -0.020448
    3373,   0.053653,   1.027467,  -0.040957
    3389,   0.012513,   1.032717,  -0.067936
    3404,   0.008240,   1.032351,  -0.072575
    3420,   0.009339,   1.055179,  -0.123360
    3436,   0.057804,   0.980468,  -0.062077
    3451,   0.079900,   0.965818,   0.053043
    3467,   0.042788,   0.967894,   0.010071
    3482,   0.017640,   0.976927,  -0.016175
    3498,   0.030458,   0.997925,  -0.038882
    3514,   0.013612,   0.983153,  -0.022279
    3529,  -0.003479,   0.973021,  -0.014344
    3545,  -0.016786,   1.079839,   0.008973
    3561,  -0.040225,   1.052493,   0.059391
    3576,  -0.043277,   1.029543,   0.029848
    3599,  -0.071965,   0.989379,  -0.002014
    3607,  -0.103339,   0.988403,   0.009583
    3623,  -0.115791,   0.986449,  -0.037051
    3639,  -0.117744,   0.968626,  -0.060856
    3654,  -0.073430,   0.972044,  -0.005310
    3670,  -0.179149,   0.986327,   0.033388
    3686,  -0.184765,   0.986694,   0.028993
    3701,  -0.181102,   0.984862,   0.043643
    3717,  -0.184765,   0.998169,  -0.022279
    3733,  -0.216627,   0.995727,  -0.042910
    3748,  -0.246780,   0.980956,  -0.042300
    3764,  -0.254105,   0.961057,  -0.053409
    3779,  -0.267289,   0.959958,  -0.039614
    3795,  -0.269487,   0.912714,   0.032045
    3811,  -0.261185,   0.899774,   0.041079
    3826,  -0.277178,   0.932369,   0.003601
    3842,  -0.298297,   0.935055,  -0.031435
    3858,  -0.318684,   0.868156,  -0.019471
    3873,  -0.331868,   0.876701,   0.013001
    3889,  -0.371788,   0.886712,   0.050723
    3904,  -0.375816,   0.883416,   0.069645
    3920,  -0.378380,   0.894525,   0.070500
    3936,  -0.349936,   0.911616,   0.090032
    3951,  -0.351523,   0.915644,   0.109565
    3967,  -0.366538,   0.944943,   0.062443
    3982,  -0.415370,   0.897943,  -0.048160
    3998,  -0.412806,   0.877312,   0.017640
    4014,  -0.420863,   0.963743,   0.048526
    4029,  -0.354331,   0.975951,   0.156931
    4045,  -0.354453,   0.970701,   0.152658
    4061,  -0.360679,   0.934933,   0.122505
    4076,  -0.445157,   0.943478,   0.044986
    4092,  -0.538790,   0.959104,  -0.001404
    4108,  -0.507660,   0.997681,   0.005799
    4124,  -0.482879,   0.942257,  -0.063297
    4139,  -0.467497,   0.833242,  -0.098212
    4155,  -0.549411,   0.751694,  -0.066471
    4170,  -0.511933,   0.788439,  -0.042056
    4186,  -0.543063,   0.809803,  -0.037173
    4201,  -0.692974,   0.808338,  -0.144113
    4217,  -0.735091,   0.777452,  -0.179149
    4233,  -0.627907,   0.718122,  -0.047061
    4248,  -0.500824,   0.678936,  -0.012879
    4264,  -0.525972,   0.671000,  -0.075505
    4279,  -0.658426,   0.761460,  -0.078435
    4296,  -0.642556,   0.675151,  -0.083684
    4311,  -0.636575,   0.668681,  -0.085760
    4326,  -0.680156,   0.664530,  -0.038516
    4342,  -0.823476,   0.619117,  -0.104682
    4357,  -0.662089,   0.433193,  -0.114082
    4373,  -0.682964,   0.674419,  -0.084539
    4389,  -0.866935,   0.577000,  -0.059269
    4404,  -0.948117,   0.511567,   0.017884
    4420,  -0.890008,   0.653910,   0.054630
    4436,  -0.856803,   0.605933,  -0.015565
    4451,  -0.858756,   0.527071,  -0.100653
    4467,  -0.860587,   0.426234,  -0.151071
    4482,  -0.813465,   0.422084,  -0.104682
    4498,  -0.786730,   0.437222,  -0.022523
    4514,  -0.823109,   0.516694,  -0.016297
    4531,  -0.870720,   0.496063,   0.015321
    4545,  -0.929317,   0.303302,   0.053287
    4561,  -0.867668,   0.462492,  -0.062443
    4576,  -0.841055,   0.375328,  -0.091741
    4592,  -0.837148,   0.446377,  -0.130074
    4607,  -0.854727,   0.399866,  -0.148141
    4623,  -0.898920,   0.419398,  -0.101752
    4639,  -0.942379,   0.431484,  -0.018983
    4655,  -0.932369,   0.456510,   0.011658
    4670,  -0.918208,   0.474211,   0.036929
    4686,  -0.913569,   0.475554,   0.040713
    4701,  -0.892205,   0.448575,   0.055973
    4717,  -0.887811,   0.422572,   0.042544
    4732,  -0.853140,   0.266557,  -0.063175
    4748,  -0.845816,   0.246170,  -0.056339
    4764,  -0.899042,   0.337606,  -0.001038
    4779,  -0.946530,   0.338705,  -0.014344
    4795,  -0.977904,   0.295001,  -0.047671
    4811,  -0.977538,   0.278887,  -0.024232
    4826,  -0.964597,   0.189037,  -0.030214
    4842,  -0.967771,   0.094671,  -0.086614
    4858,  -0.993164,   0.271806,   0.123604
    4873,  -0.940670,   0.321370,   0.205884
    4889,  -0.897577,   0.264603,   0.172557
    4904,  -0.976683,   0.163035,   0.010682
    4920,  -1.036135,   0.069523,  -0.047549
    4936,  -1.004761,   0.070134,   0.039004
    4951,  -0.944699,   0.104804,   0.049502
    4967,  -0.953733,   0.061954,   0.066105
    4983,  -0.956418,   0.213331,   0.078191
    4998,  -1.006714,   0.117134,   0.060612
    5014,  -1.003784,   0.013978,  -0.056095
    5029,  -0.934200,  -0.110663,  -0.095648
    5045,  -0.842398,  -0.050845,  -0.074406
    5061,  -0.966673,   0.055606,   0.017396
    5076,  -1.109015,   0.089300,   0.110786
    5092,  -1.018678,  -0.058536,   0.047305
    5108,  -0.993652,  -0.097723,   0.040469
    5123,  -0.953733,  -0.147287,   0.045352
    5139,  -0.915888,  -0.135812,   0.005432
    5154,  -0.917964,  -0.114448,  -0.021913
    5170,  -1.027101,  -0.100897,  -0.065617
    5186,  -1.052371,  -0.162913,  -0.115180
    5201,  -1.052860,  -0.171947,  -0.066593
    5217,  -1.011597,  -0.157053,  -0.044375
    5233,  -0.962400,  -0.166453,  -0.005677
    5248,  -0.940182,  -0.149728,   0.005799
    5264,  -0.946896,  -0.114326,  -0.016419
    5279,  -0.976805,  -0.123115,  -0.016297
    5295,  -1.003662,  -0.201734,  -0.076360
    5311,  -1.005127,  -0.221388,  -0.087835
    5326,  -1.004761,  -0.239089,  -0.095160
    5342,  -0.965696,  -0.275713,  -0.041079
    5357,  -0.850455,  -0.188183,   0.007264
    5389,  -0.953244,  -0.292437,  -0.162058
    5404,  -1.002564,  -0.279375,  -0.131661
    5420,  -1.058964,  -0.347983,  -0.114692
    5436,  -0.930294,  -0.371055,  -0.086858
    5451,  -0.875114,  -0.393396,  -0.135934
    5467,  -0.822499,  -0.391686,  -0.146432
    5483,  -0.858634,  -0.416468,  -0.151560
    5498,  -0.876824,  -0.418910,  -0.146066
    5514,  -0.951535,  -0.370323,  -0.077214
    5531,  -0.942501,  -0.350424,  -0.094915
    5545,  -0.893914,  -0.403284,  -0.154978
    5561,  -0.846792,  -0.378502,  -0.142648
    5576,  -0.843252,  -0.394006,  -0.123360
    5592,  -0.843863,  -0.440762,  -0.124702
    5607,  -0.873772,  -0.521577,  -0.104315
    5623,  -0.893548,  -0.517060,  -0.096258
    5639,  -0.873894,  -0.436611,  -0.077825
    5654,  -0.812855,  -0.491424,  -0.176463
    5670,  -0.775865,  -0.573582,  -0.243728
    5686,  -0.809315,  -0.618873,  -0.208936
    5701,  -0.868156,  -0.622291,  -0.129219
    5717,  -0.842642,  -0.595923,  -0.143502
    5733,  -0.790026,  -0.630715,  -0.202466
    5748,  -0.747299,  -0.618141,  -0.212232
    5764,  -0.713606,  -0.619728,  -0.190869
    5779,  -0.735213,  -0.657694,  -0.149240
    5795,  -0.740829,  -0.681255,  -0.144357
    5811,  -0.672954,  -0.665263,  -0.209791
    5826,  -0.608008,  -0.673442,  -0.275468
    5842,  -0.614356,  -0.703961,  -0.277178
    5857,  -0.604224,  -0.702252,  -0.240066
    5873,  -0.615943,  -0.744125,  -0.216261
    5889,  -0.606910,  -0.786364,  -0.232375
    5905,  -0.589819,  -0.820302,  -0.247391
    5932,  -0.579442,  -0.811634,  -0.201734
    5947,  -0.572362,  -0.913203,  -0.260331
    5963,  -0.566624,  -0.931026,  -0.273759
    5979,  -0.553928,  -0.971068,  -0.307331
    5994,  -0.581517,  -0.912836,  -0.208204
    6010,  -0.551975,  -0.858756,  -0.181957
    6026,  -0.541476,  -0.941036,  -0.259354
    6041,  -0.485564,  -0.939816,  -0.261430
    6056,  -0.397912,  -0.934444,  -0.237380
    6072,  -0.498260,  -0.935787,  -0.207959
    6088,  -0.499481,  -0.940914,  -0.223707
    6104,  -0.479094,  -0.900507,  -0.220533
    6119,  -0.419276,  -0.858024,  -0.208326
    6135,  -0.360923,  -0.827138,  -0.209302
    6150,  -0.304767,  -0.895257,  -0.250320
    6166,  -0.277666,  -0.949826,  -0.324300
    6182,  -0.268510,  -0.931148,  -0.281817
    6197,  -0.266191,  -0.902338,  -0.245926
    6213,  -0.334676,  -0.977660,  -0.266068
    6229,  -0.384240,  -0.974364,  -0.251907
    6245,  -0.365074,  -0.973631,  -0.254959
    6260,  -0.300739,  -0.977660,  -0.231398
    6275,  -0.311115,  -0.968870,  -0.217359
    6291,  -0.305988,  -0.981688,  -0.223219
    6308,  -0.325642,  -0.971678,  -0.235915
    6322,  -0.313801,  -0.970213,  -0.264726
    6338,  -0.362144,  -1.004639,  -0.252884
    6354,  -0.288287,  -0.971678,  -0.271196
    6369,  -0.262406,  -0.906488,  -0.277178
    6385,  -0.236648,  -0.976805,  -0.248611
    6400,  -0.266801,  -1.059208,  -0.269609
    6416,  -0.235915,  -0.945553,  -0.290484
    6431,  -0.169261,  -0.992431,  -0.255936
    6447,  -0.159861,  -0.980712,  -0.210401
    6463,  -0.167063,  -1.018556,  -0.239333
    6478,  -0.152658,  -0.942135,  -0.265336
    6494,  -0.079167,  -1.019044,  -0.235305
    6510,  -0.125313,  -0.997192,  -0.285357
    6528,  -0.104438,  -0.998657,  -0.265214
    6541,  -0.100897,  -0.986205,  -0.304157
    6557,  -0.116157,  -0.993164,  -0.281084
    6572,  -0.068913,  -0.965452,  -0.331746
    6588,  -0.080632,  -0.950803,  -0.308185
    6604,  -0.082341,  -0.953610,  -0.298907
    6619,  -0.083074,  -0.993164,  -0.247268
    6635,  -0.033144,  -0.987548,  -0.227614
    6650,   0.003601,  -0.972899,  -0.212354
    6666,  -0.007874,  -1.069706,  -0.158762
    6681,  -0.005921,  -1.094854,  -0.148141
    6697,   0.003113,  -1.094610,  -0.153513
    6713,  -0.024843,  -0.891473,  -0.263505
    6729,  -0.035464,  -1.001221,  -0.390832
    6744,   0.019838,  -0.969359,  -0.303668
    6760,   0.056583,  -1.022951,  -0.191113
    6776,   0.051090,  -1.061649,  -0.171580
    6791,   0.008362,  -1.047000,  -0.258866
    6807,   0.037295,  -1.016480,  -0.271440
    6822,   0.088079,  -0.926387,  -0.257401
    6838,   0.099188,  -0.961912,  -0.188915
    6854,   0.102973,  -1.016114,  -0.144967
    6869,   0.106147,  -1.108161,  -0.124825
    6885,   0.117988,  -1.123421,  -0.145089
    6900,   0.122017,  -1.008423,  -0.245926
    6916,   0.131539,  -0.953366,  -0.296710
    6931,   0.183666,  -0.867668,  -0.300372
    6947,   0.249832,  -0.843863,  -0.318440
    6963,   0.206006,  -0.915766,  -0.292071
    6978,   0.146798,  -1.018678,  -0.262894
    6994,   0.176952,  -1.032106,  -0.188305
    7010,   0.262284,  -0.948972,  -0.185863
    7025,   0.312702,  -0.878533,  -0.221998
    7041,   0.288897,  -0.922481,  -0.256913
    7057,   0.295367,  -0.943966,  -0.244094
    7072,   0.289752,  -0.958738,  -0.232741
    7088,   0.289874,  -0.961668,  -0.234206
    7103,   0.284136,  -0.968382,  -0.235183
    7119,   0.316120,  -0.939205,  -0.209180
    7135,   0.336751,  -0.945309,  -0.211622
    7150,   0.340414,  -0.922114,  -0.213331
    7166,   0.272294,  -0.989135,  -0.255326
    7182,   0.227858,  -1.002442,  -0.199536
    7197,   0.287432,  -0.989868,  -0.159373
    7213,   0.303913,  -0.966551,  -0.192944
    7229,   0.302814,  -0.945065,  -0.233108
    7244,   0.303668,  -0.942257,  -0.239822
    7260,   0.307331,  -0.935787,  -0.258622
    7275,   0.322346,  -0.904413,  -0.237624
    7291,   0.323079,  -0.900140,  -0.216749
    7307,   0.315632,  -0.941525,  -0.213209
    7322,   0.281572,  -1.007935,  -0.193798
    7338,   0.277788,  -1.049808,  -0.188427
    7353,   0.275835,  -1.033449,  -0.198682
    7369,   0.270830,  -0.942379,  -0.223830
    7385,   0.268144,  -0.949460,  -0.219191
    7400,   0.299396,  -0.961912,  -0.169993
    7416,   0.318928,  -0.956662,  -0.157053
    7432,   0.364219,  -0.923701,  -0.148630
    7447,   0.350668,  -0.935665,  -0.178539
    7463,   0.293414,  -1.004273,  -0.212354
    7478,   0.279619,  -1.035769,  -0.212721
    7494,   0.283037,  -1.037112,  -0.210523
    7510,   0.290728,  -1.056034,  -0.179760
    7527,   0.371910,  -0.955564,  -0.157419
    7541,   0.381554,  -0.975096,  -0.194165
    7557,   0.269609,  -1.049075,  -0.268510
    7573,   0.235061,  -1.050174,  -0.273759
    7588,   0.246658,  -0.964842,  -0.254593
    7603,   0.334798,  -0.883172,  -0.156199
    7619,   0.362754,  -0.853507,  -0.135079
    7635,   0.387902,  -0.850333,  -0.135201
    7650,   0.325642,  -0.957273,  -0.188671
    7666,   0.307941,  -1.001343,  -0.231276
    7681,   0.299518,  -0.956052,  -0.243484
    7697,   0.318928,  -1.017091,  -0.134835
    7713,   0.397058,  -0.971312,  -0.133126
    7728,   0.300739,  -1.033083,  -0.210645
    7744,   0.252030,  -0.968016,  -0.223341
    7760,   0.360679,  -0.896600,  -0.199170
    7775,   0.371788,  -0.915522,  -0.285235
    7791,   0.357871,  -0.927242,  -0.285357
    7807,   0.268998,  -0.994995,  -0.249710
    7822,   0.269731,  -1.003784,  -0.198071
    7838,   0.340902,  -0.947018,  -0.173045
    7854,   0.404261,  -0.915522,  -0.187328
    7869,   0.430385,  -0.890862,  -0.149362
    7885,   0.430385,  -0.888543,  -0.146432
    7900,   0.427822,  -0.887688,  -0.142526
    7916,   0.414027,  -0.890008,  -0.131173
    7931,   0.387292,  -0.903070,  -0.149728
    7947,   0.292804,  -0.880730,  -0.208204
    7963,   0.331502,  -0.997314,  -0.174144
    7979,   0.491668,  -1.012208,  -0.153024
    7994,   0.511567,  -0.991699,  -0.168284
    8010,   0.481047,  -0.905878,  -0.204053
    8025,   0.452847,  -0.888909,  -0.212232
    8041,   0.441983,  -0.896478,  -0.158152
    8057,   0.375816,  -0.927486,  -0.149728
    8072,   0.386559,  -0.885491,  -0.112861
    8088,   0.373497,  -0.871330,  -0.173778
    8104,   0.444180,  -0.907099,  -0.203931
    8119,   0.503021,  -0.912104,  -0.193554
    8135,   0.558201,  -0.892083,  -0.224074
    8150,   0.547458,  -0.949460,  -0.137521
    8166,   0.527071,  -1.070561,  -0.159250
    8181,   0.493621,  -0.996338,  -0.123360
    8197,   0.400598,  -0.922114,  -0.136788
    8213,   0.354941,  -0.878777,  -0.162180
    8229,   0.435268,  -0.853629,  -0.157297
    8244,   0.565037,  -0.852042,  -0.131905
    8260,   0.560642,  -0.915888,  -0.123848
    8275,   0.506195,  -0.925166,  -0.094671
    8291,   0.467619,  -0.912836,  -0.085149
    8307,   0.476897,  -0.894769,  -0.097113
    8324,   0.548312,  -0.839224,  -0.108710
    8338,   0.671489,  -0.780382,  -0.106879
    8354,   0.700055,  -0.831166,  -0.155222
    8370,   0.620338,  -0.905146,  -0.209669
    8385,   0.559055,  -0.898798,  -0.177684
    8400,   0.549777,  -0.825429,  -0.130440
    8416,   0.585546,  -0.770005,  -0.126534
    8431,   0.615455,  -0.826527,  -0.165843
    8447,   0.604712,  -0.750595,  -0.113227
    8463,   0.627297,  -0.714338,  -0.104315
    8478,   0.646585,  -0.717512,  -0.121773
    8494,   0.647684,  -0.736068,  -0.153391
    8510,   0.657084,  -0.727034,  -0.164256
    8527,   0.660258,  -0.728865,  -0.168406
    8541,   0.654032,  -0.784044,  -0.215162
    8556,   0.616920,  -0.927364,  -0.245682
    8572,   0.637673,  -0.875725,  -0.166453
    8589,   0.626808,  -0.678691,   0.132760
    8607,   0.668559,  -0.847281,  -0.075993
    8619,   0.681865,  -0.691754,  -0.143258
    8635,   0.763047,  -0.620949,  -0.273027
    8650,   0.781725,  -0.625587,  -0.235427
    8666,   0.703839,  -0.643167,  -0.168650
    8682,   0.694928,  -0.670390,  -0.139840
    8697,   0.696148,  -0.665385,  -0.137399
    8713,   0.733382,  -0.613990,  -0.138741
    8729,   0.779039,  -0.608863,  -0.123848
    8744,   0.800647,  -0.605811,  -0.097479
    8760,   0.800037,  -0.619484,  -0.100043
    8775,   0.824086,  -0.649881,  -0.103461
    8791,   0.828603,  -0.642800,  -0.098212
    8807,   0.799060,  -0.601538,  -0.158030
    8822,   0.877922,  -0.553195,  -0.164500
    8838,   0.889886,  -0.556858,  -0.154245
    8853,   0.872062,  -0.555515,  -0.144479
    8869,   0.839468,  -0.584569,  -0.140206
    8885,   0.804676,  -0.550632,  -0.141671
    8901,   0.788195,  -0.532076,  -0.118721
    8916,   0.838613,  -0.527559,  -0.163157
    8932,   0.853507,  -0.497406,  -0.167918
    8947,   0.874138,  -0.514375,  -0.157175
    8963,   0.850943,  -0.534273,  -0.142037
    8979,   0.815907,  -0.515351,  -0.131295
    8994,   0.796863,  -0.485686,  -0.126778
    9010,   0.817616,  -0.461027,  -0.156931
    9025,   0.916377,  -0.426723,  -0.164744
    9041,   0.969236,  -0.457609,  -0.143014
    9057,   0.929927,  -0.458341,  -0.121528
    9072,   0.868034,  -0.483489,  -0.108954
    9088,   0.855948,  -0.484466,  -0.113715
    9104,   0.844473,  -0.422694,  -0.115913
    9119,   0.873405,  -0.372887,  -0.111762
    9135,   0.939083,  -0.365928,  -0.130806
    9150,   0.971678,  -0.374107,  -0.138131
    9166,   0.974608,  -0.370689,  -0.139474
    9182,   0.989501,  -0.410364,  -0.151437
    9197,   0.906000,  -0.406092,  -0.093939
    9213,   0.876457,  -0.383019,  -0.065373
    9229,   0.926265,  -0.339437,  -0.076604
    9244,   1.002930,  -0.302081,  -0.114814
    9260,   1.017946,  -0.323323,  -0.164256
    9275,   0.875969,  -0.349814,  -0.116035
    9291,   0.876335,  -0.334188,  -0.118843
    9307,   0.890740,  -0.307697,  -0.118721
    9322,   0.937740,  -0.309772,  -0.094915
    9338,   0.972655,  -0.275591,  -0.102362
    9353,   1.018922,  -0.296222,  -0.109565
    9369,   1.021363,  -0.256058,  -0.098212
    9385,   0.963621,  -0.248733,  -0.094061
    9400,   0.922725,  -0.248367,  -0.106635
    9416,   0.889764,  -0.245315,  -0.138619
    9432,   0.911005,  -0.217237,  -0.166819
    9447,   0.969969,  -0.228224,  -0.154001
    9463,   0.988891,  -0.218092,  -0.119453
    9478,   0.978758,  -0.192578,  -0.103827
    9494,   0.964842,  -0.175731,  -0.099921
    9510,   0.946652,  -0.161448,  -0.091253
    9527,   0.917720,  -0.163523,  -0.089544
    9541,   0.879143,  -0.137399,  -0.077703
    9557,   0.897943,  -0.105170,  -0.075749
    9572,   0.929439,  -0.089178,  -0.082708
    9588,   1.010621,  -0.070134,  -0.100287
    9604,   1.043704,  -0.064640,  -0.088934
    9619,   1.066044,  -0.021303,  -0.064274
    9635,   1.048343,  -0.003479,  -0.053775
    9650,   0.987914,   0.026186,  -0.026186
    9666,   0.954221,   0.062443,  -0.015931
    9682,   1.006714,   0.097113,  -0.040225
    9697,   1.043826,   0.115547,  -0.059879
    9713,   1.082158,   0.131661,  -0.090643
    9728,   1.104010,   0.112983,  -0.099310
    9744,   1.089239,   0.101874,  -0.069645
    9760,   1.048587,   0.103827,  -0.055240
    9775,   0.961790,   0.153879,  -0.033999
    9791,   0.950925,   0.161204,  -0.047305
    9807,   0.950436,   0.158884,  -0.049991
    9822,   0.966795,   0.174754,  -0.055973
    9838,   1.007325,   0.194897,  -0.067204
    9853,   1.035158,   0.206128,  -0.087225
    9869,   1.049197,   0.207593,  -0.095160
    9885,   1.047732,   0.213453,  -0.088201
    9900,   1.010987,   0.209669,  -0.046695
    9916,   0.975462,   0.213331,  -0.016175
    9932,   0.935665,   0.218092,  -0.019349
    9947,   0.888055,   0.214185,  -0.046939
    9963,   0.924678,   0.211256,  -0.084051
    9979,   0.917475,   0.222121,  -0.093084
    9994,   0.959592,   0.260453,  -0.083318
   10010,   0.948239,   0.275224,  -0.058170
   10025,   0.933468,   0.304279,  -0.044497
   10041,   0.881340,   0.423793,   0.050967
   10057,   0.941891,   0.331136,  -0.013734
   10072,   0.969969,   0.335287,  -0.043521
   10088,   0.943356,   0.339803,  -0.078923
   10103,   0.904169,   0.312946,  -0.089544
   10119,   0.883416,   0.284991,  -0.079167
   10135,   0.870231,   0.282305,  -0.068669
   10151,   0.866081,   0.298419,  -0.043399
   10166,   0.912959,   0.352988,  -0.003479
   10182,   0.922236,   0.392419,   0.009339
   10197,   0.904413,   0.405481,   0.016664
   10213,   0.886712,   0.428554,   0.034609
   10229,   0.880120,   0.443814,   0.040103
   10244,   0.869377,   0.454923,   0.030947
   10260,   0.878655,   0.453702,   0.011292
   10275,   0.888177,   0.457242,  -0.004334
   10291,   0.894647,   0.457975,  -0.022157
   10307,   0.874626,   0.464445,  -0.040469
   10322,   0.834707,   0.444668,  -0.051334
   10339,   0.887200,   0.446622,  -0.048038
   10353,   0.872062,   0.499603,  -0.045840
   10369,   0.843618,   0.561008,  -0.005188
   10385,   0.840200,   0.580297,   0.041445
   10400,   0.838125,   0.583471,   0.033999
   10416,   0.841787,   0.564182,   0.018983
   10432,   0.842031,   0.550632,   0.009217
   10447,   0.841299,   0.542697,   0.006653
   10463,   0.827260,   0.540377,  -0.004700
   10478,   0.796618,   0.550754,  -0.005921
   10494,   0.795886,   0.570652,   0.004456
   10510,   0.797351,   0.552829,   0.001160
   10525,   0.793444,   0.556736,   0.003968
   10541,   0.787096,   0.597021,   0.004334
   10557,   0.792590,   0.650735,   0.003845
   10572,   0.763902,   0.642190,   0.014344
   10588,   0.753281,   0.645242,   0.025819
   10604,   0.721052,   0.625221,   0.034121
   10619,   0.715925,   0.630104,  -0.014344
   10635,   0.711286,   0.632546,  -0.021181
   10650,   0.708356,   0.648294,  -0.026674
   10666,   0.707013,   0.649026,  -0.025575
   10682,   0.707258,   0.654520,  -0.021425
   10697,   0.709577,   0.663065,  -0.025575
   10713,   0.706037,   0.680278,  -0.016542
   10728,   0.707502,   0.687969,   0.016541
   10744,   0.706159,   0.713483,   0.055606
   10760,   0.687725,   0.719954,   0.051456
   10775,   0.686504,   0.753891,  -0.033755
   10791,   0.668193,   0.734725,  -0.029604
   10807,   0.660258,   0.727889,  -0.002503
   10822,   0.658182,   0.742294,   0.022890
   10838,   0.656229,   0.753769,   0.028383
   10853,   0.656839,   0.756455,   0.043643
   10869,   0.637551,   0.759507,   0.060490
   10885,   0.636697,   0.770250,   0.072697
   10900,   0.628273,   0.781237,   0.065617
   10916,   0.621437,   0.787463,   0.058170
   10932,   0.589086,   0.815174,   0.060490
   10947,   0.577489,   0.812122,   0.013001
   10963,   0.570652,   0.802112,  -0.007142
   10978,   0.561375,   0.792468,   0.006165
   10994,   0.561985,   0.792590,   0.018983
   11010,   0.549411,   0.806018,   0.049625
   11026,   0.534640,   0.819691,   0.071232
   11041,   0.524873,   0.818226,   0.081975
   11057,   0.519990,   0.829702,   0.086858
   11072,   0.522310,   0.831899,   0.080510
   11088,   0.521333,   0.829335,   0.078191
   11103,   0.513276,   0.839590,   0.073430
   11119,   0.502533,   0.847525,   0.053043
   11135,   0.498871,   0.857535,   0.040835
   11150,   0.485686,   0.848746,   0.028871
   11166,   0.472380,   0.850088,   0.049136
   11182,   0.471525,   0.866325,   0.059025
   11197,   0.451383,   0.892572,   0.072331
   11213,   0.442105,   0.861198,   0.041567
   11229,   0.435268,   0.852164,   0.051456
   11244,   0.439663,   0.867179,   0.025453
   11260,   0.434536,   0.874992,   0.017518
   11275,   0.401575,   0.882195,   0.059269
   11291,   0.386071,   0.885613,   0.061954
   11307,   0.374352,   0.899652,   0.053043
   11322,   0.375084,   0.902948,   0.056217
   11339,   0.369590,   0.903925,   0.061954
   11354,   0.344931,   0.906977,   0.059513
   11369,   0.360435,   0.934200,   0.039858
   11385,   0.368125,   0.941281,   0.020936
   11400,   0.345541,   0.908320,   0.028383
   11416,   0.293658,   0.884759,   0.059513
   11432,   0.258988,   0.905512,   0.075871
   11447,   0.274004,   0.937252,   0.030214
   11463,   0.277910,   0.944821,   0.022890
   11478,   0.276079,   0.965818,   0.028017
   11494,   0.289263,   0.989257,   0.041812
   11510,   0.263383,   0.987548,   0.078801
   11527,   0.245315,   0.994995,   0.122749
   11542,   0.246292,   0.976439,   0.099432
   11557,   0.242263,   0.956784,   0.082952
   11572,   0.207105,   0.928462,   0.078435
   11588,   0.198804,   0.933101,   0.079412
   11603,   0.216017,   0.968260,   0.053043
   11619,   0.227614,   0.974120,   0.024721
   11635,   0.232131,   0.964353,   0.000305
   11650,   0.211133,   0.930416,  -0.017640
   11666,   0.167430,   0.892327,   0.010926
   11682,   0.133858,   0.878166,   0.055851
   11697,   0.133614,   0.895990,   0.073674
   11713,   0.139962,   0.905878,   0.071721
   11728,   0.141793,   0.906855,   0.072209
   11744,   0.153024,   0.905512,   0.041201
   11760,   0.139840,   0.887444,   0.056705
   11775,   0.117256,   0.875969,   0.089666
   11791,   0.086980,   0.850577,   0.112739
   11807,   0.086736,   0.825307,   0.095892
   11822,   0.118599,   0.830068,   0.066471
   11838,   0.142770,   0.856314,   0.048160
   11854,   0.140206,   0.862663,   0.040957
   11869,   0.116157,   0.857535,   0.038149
   11885,   0.078557,   0.907587,   0.109565
   11900,   0.081243,   0.924068,   0.108100
   11916,   0.033022,   0.937862,   0.144601
   11932,  -0.040225,   0.958494,   0.187572
   11947,   0.034731,   1.042849,   0.152170
   11963,   0.079900,   1.049197,   0.091619
   11978,  -0.049625,   0.919673,   0.103461
   11994,  -0.098822,   0.913203,   0.132882
   12010,  -0.046328,   0.954221,   0.115913
   12025,   0.016664,   1.010987,   0.086492
   12041,  -0.013001,   1.026857,   0.114082
   12057,  -0.081731,   1.046390,   0.203443
   12072,  -0.072453,   1.080938,   0.226271
   12088,  -0.046328,   1.081548,   0.207837
   12104,  -0.007142,   1.062626,   0.188305
   12119,   0.014955,   0.995727,   0.173289
   12135,  -0.026186,   0.953122,   0.175853
   12150,  -0.051578,   0.933712,   0.177318
   12166,  -0.081853,   0.952878,   0.175731
   12182,  -0.092962,   0.973753,   0.173900
   12197,  -0.074284,   1.031496,   0.196972
   12213,  -0.017030,   1.079595,   0.181835
   12229,   0.016419,   1.112434,   0.137154
   12244,   0.034609,   1.154795,   0.144723
   12260,   0.031313,   1.141610,   0.130562
   12275,   0.140084,   1.130379,   0.600317
   12291,  -0.072575,   0.896600,   0.183910
   12307,  -0.136422,   0.911372,   0.118599
   12323,  -0.074040,   1.017946,   0.156687
   12339,   0.142038,   1.470121,   0.144601
   12354,   0.075261,   1.010010,   0.128609
   12369,   0.039004,   0.977538,   0.141427
   12400,  -0.027773,   0.975462,   0.187572
   12416,   0.006409,   0.960569,   0.183178
   12432,   0.005432,   0.970945,   0.184276
   12447,   0.007874,   0.972044,   0.185985
   12463,   0.000427,   0.971434,   0.177562
   12479,   0.010071,   0.957273,   0.182567
   12494,   0.005921,   0.978270,   0.185253
   12510,  -0.000671,   0.965208,   0.184398
   12527,   0.002991,   0.969603,   0.184398
   12541,   0.008240,   0.974974,   0.182201
   12557,   0.001892,   0.966551,   0.181713
   12572,   0.003235,   0.972533,   0.181835
   12588,   0.006653,   0.973143,   0.184032
   12604,   0.008240,   0.970823,   0.180614
   12620,   0.006653,   0.970335,   0.180492
   12635,   0.008606,   0.972533,   0.183544
   12650,   0.006409,   0.970945,   0.185253
   12666,   0.004212,   0.972655,   0.181835
   12682,   0.004212,   0.967039,   0.183056
   12697,   0.003479,   0.968748,   0.184765
   12713,   0.004090,   0.978514,   0.183056
   12729,   0.005188,   0.976073,   0.181347
   12744,   0.009461,   0.980223,   0.183666
   12760,   0.008973,   0.971312,   0.188427
   12775,   0.003479,   0.967894,   0.183178
   12791,   0.007630,   0.967649,   0.182811
   12807,   0.007752,   0.969236,   0.182445
   12822,   0.004456,   0.964597,   0.177806
   12838,   0.004700,   0.971068,   0.180370
   12854,   0.006897,   0.972166,   0.179271
   12869,   0.007386,   0.973387,   0.179271
   12885,   0.005921,   0.964109,   0.181469
   12900,   0.007264,   0.971556,   0.183056
   12916,   0.002380,   0.969725,   0.182201
   12932,   0.006409,   0.970091,   0.182445
   12947,   0.004944,   0.972533,   0.181102
   12963,   0.006775,   0.968016,   0.176830
   12978,   0.002991,   0.971068,   0.180126
   12994,   0.001526,   0.966673,   0.182445
   13010,   0.002747,   0.966673,   0.184398
   13025,   0.004700,   0.966673,   0.181102
   13041,   0.004700,   0.970579,   0.181835
   13057,   0.002869,   0.972899,   0.180980
   13072,   0.007874,   0.968016,   0.180858
   13088,   0.003845,   0.973875,   0.182445
   13103,   0.004700,   0.966429,   0.185131
   13119,   0.004944,   0.967283,   0.183544
   13135,   0.004822,   0.966795,   0.179882
   13151,   0.006531,   0.968870,   0.179149
   13166,   0.007264,   0.965818,   0.180370
   13182,   0.002991,   0.970701,   0.180248
   13197,   0.006775,   0.969725,   0.179271
   13213,   0.002747,   0.967527,   0.180492
   13229,   0.010316,   0.969114,   0.180980
   13244,   0.007020,   0.964842,   0.180980
   13260,   0.005310,   0.964475,   0.182811
   13275,   0.004090,   0.970823,   0.184398
   13291,   0.002747,   0.969847,   0.182934
   13307,   0.004822,   0.969847,   0.179515
   13322,   0.005432,   0.972044,   0.183788
